{
    "mono_channel": {
        "Carolina Wren": {
            "count": 8,
            "conf_sum": 5.07959908246994,
            "max_conf": 0.778724730014801,
            "conf_avg": 0.63,
            "conf_list": [
                0.46130427718162537,
                0.7734645009040833,
                0.47552284598350525,
                0.5179311037063599,
                0.7063872814178467,
                0.7478022575378418,
                0.618462085723877,
                0.778724730014801
            ],
            "start_time_list": [
                42.0,
                66.0,
                72.0,
                87.0,
                108.0,
                123.0,
                147.0,
                183.0
            ]
        }
    },
    "beamformed": {
        "Carolina Wren": {
            "count": 8,
            "conf_sum": 4.916837096214294,
            "max_conf": 0.9194230437278748,
            "conf_avg": 0.61,
            "conf_list": [
                0.4901202619075775,
                0.4081699848175049,
                0.7130991220474243,
                0.4092281758785248,
                0.643722414970398,
                0.9194230437278748,
                0.6585798263549805,
                0.6744942665100098
            ],
            "start_time_list": [
                42.0,
                66.0,
                72.0,
                87.0,
                108.0,
                123.0,
                147.0,
                183.0
            ],
            "max_conf_chan_list": [
                "sep_chan3.mp3",
                "sep_chan2.mp3",
                "sep_chan3.mp3",
                "sep_chan4.mp3",
                "sep_chan2.mp3",
                "sep_chan3.mp3",
                "sep_chan3.mp3",
                "sep_chan1.mp3"
            ]
        }
    }
}