{
    "mono_channel": {
        "Eurasian Blackcap": {
            "conf_list": [
                0.48648545145988464,
                0.6914452910423279,
                0.415040522813797,
                0.9236805438995361,
                0.8694562911987305,
                0.8984944820404053,
                0.910571277141571,
                0.5126599073410034,
                0.7013636827468872,
                0.952089786529541,
                0.9203736186027527,
                0.7101597189903259,
                0.8136950731277466,
                0.48367422819137573,
                0.8906463384628296,
                0.5648682713508606,
                0.9313793778419495,
                0.8478016257286072,
                0.821381688117981,
                0.8527294993400574,
                0.9340865612030029,
                0.6093486547470093,
                0.6849157810211182,
                0.4072191119194031
            ],
            "start_time_list": [
                3.0,
                9.0,
                27.0,
                33.0,
                39.0,
                48.0,
                54.0,
                69.0,
                78.0,
                93.0,
                99.0,
                108.0,
                114.0,
                120.0,
                129.0,
                135.0,
                138.0,
                153.0,
                159.0,
                168.0,
                174.0,
                180.0,
                189.0,
                198.0
            ],
            "mp3_identifier": [
                "data/processed/speaker_sphere_lab_tests/5SNR/EurasianBlackcap_5SNR/results.json, original_channel1.mp3, 3.0",
                "data/processed/speaker_sphere_lab_tests/5SNR/EurasianBlackcap_5SNR/results.json, original_channel1.mp3, 9.0",
                "data/processed/speaker_sphere_lab_tests/5SNR/EurasianBlackcap_5SNR/results.json, original_channel1.mp3, 27.0",
                "data/processed/speaker_sphere_lab_tests/5SNR/EurasianBlackcap_5SNR/results.json, original_channel1.mp3, 33.0",
                "data/processed/speaker_sphere_lab_tests/5SNR/EurasianBlackcap_5SNR/results.json, original_channel1.mp3, 39.0",
                "data/processed/speaker_sphere_lab_tests/5SNR/EurasianBlackcap_5SNR/results.json, original_channel1.mp3, 48.0",
                "data/processed/speaker_sphere_lab_tests/5SNR/EurasianBlackcap_5SNR/results.json, original_channel1.mp3, 54.0",
                "data/processed/speaker_sphere_lab_tests/5SNR/EurasianBlackcap_5SNR/results.json, original_channel1.mp3, 69.0",
                "data/processed/speaker_sphere_lab_tests/5SNR/EurasianBlackcap_5SNR/results.json, original_channel1.mp3, 78.0",
                "data/processed/speaker_sphere_lab_tests/5SNR/EurasianBlackcap_5SNR/results.json, original_channel1.mp3, 93.0",
                "data/processed/speaker_sphere_lab_tests/5SNR/EurasianBlackcap_5SNR/results.json, original_channel1.mp3, 99.0",
                "data/processed/speaker_sphere_lab_tests/5SNR/EurasianBlackcap_5SNR/results.json, original_channel1.mp3, 108.0",
                "data/processed/speaker_sphere_lab_tests/5SNR/EurasianBlackcap_5SNR/results.json, original_channel1.mp3, 114.0",
                "data/processed/speaker_sphere_lab_tests/5SNR/EurasianBlackcap_5SNR/results.json, original_channel1.mp3, 120.0",
                "data/processed/speaker_sphere_lab_tests/5SNR/EurasianBlackcap_5SNR/results.json, original_channel1.mp3, 129.0",
                "data/processed/speaker_sphere_lab_tests/5SNR/EurasianBlackcap_5SNR/results.json, original_channel1.mp3, 135.0",
                "data/processed/speaker_sphere_lab_tests/5SNR/EurasianBlackcap_5SNR/results.json, original_channel1.mp3, 138.0",
                "data/processed/speaker_sphere_lab_tests/5SNR/EurasianBlackcap_5SNR/results.json, original_channel1.mp3, 153.0",
                "data/processed/speaker_sphere_lab_tests/5SNR/EurasianBlackcap_5SNR/results.json, original_channel1.mp3, 159.0",
                "data/processed/speaker_sphere_lab_tests/5SNR/EurasianBlackcap_5SNR/results.json, original_channel1.mp3, 168.0",
                "data/processed/speaker_sphere_lab_tests/5SNR/EurasianBlackcap_5SNR/results.json, original_channel1.mp3, 174.0",
                "data/processed/speaker_sphere_lab_tests/5SNR/EurasianBlackcap_5SNR/results.json, original_channel1.mp3, 180.0",
                "data/processed/speaker_sphere_lab_tests/5SNR/EurasianBlackcap_5SNR/results.json, original_channel1.mp3, 189.0",
                "data/processed/speaker_sphere_lab_tests/5SNR/EurasianBlackcap_5SNR/results.json, original_channel1.mp3, 198.0"
            ],
            "conf_avg": 0.743,
            "conf_median": 0.818,
            "conf_stdev": 0.179,
            "conf_max": 0.952,
            "count": 24
        },
        "Carolina Wren": {
            "conf_list": [
                0.7872170805931091,
                0.44776782393455505,
                0.4677773416042328,
                0.4486284852027893,
                0.8512192964553833,
                0.590406596660614,
                0.5698826909065247,
                0.8275007009506226,
                0.7114355564117432,
                0.868012547492981,
                0.5451815128326416
            ],
            "start_time_list": [
                0.0,
                6.0,
                21.0,
                51.0,
                66.0,
                90.0,
                102.0,
                111.0,
                147.0,
                183.0,
                186.0
            ],
            "mp3_identifier": [
                "data/processed/speaker_sphere_lab_tests/5SNR/CarolinaWren_5SNR/results.json, original_channel1.mp3, 0.0",
                "data/processed/speaker_sphere_lab_tests/5SNR/CarolinaWren_5SNR/results.json, original_channel1.mp3, 6.0",
                "data/processed/speaker_sphere_lab_tests/5SNR/CarolinaWren_5SNR/results.json, original_channel1.mp3, 21.0",
                "data/processed/speaker_sphere_lab_tests/5SNR/CarolinaWren_5SNR/results.json, original_channel1.mp3, 51.0",
                "data/processed/speaker_sphere_lab_tests/5SNR/CarolinaWren_5SNR/results.json, original_channel1.mp3, 66.0",
                "data/processed/speaker_sphere_lab_tests/5SNR/CarolinaWren_5SNR/results.json, original_channel1.mp3, 90.0",
                "data/processed/speaker_sphere_lab_tests/5SNR/CarolinaWren_5SNR/results.json, original_channel1.mp3, 102.0",
                "data/processed/speaker_sphere_lab_tests/5SNR/CarolinaWren_5SNR/results.json, original_channel1.mp3, 111.0",
                "data/processed/speaker_sphere_lab_tests/5SNR/CarolinaWren_5SNR/results.json, original_channel1.mp3, 147.0",
                "data/processed/speaker_sphere_lab_tests/5SNR/CarolinaWren_5SNR/results.json, original_channel1.mp3, 183.0",
                "data/processed/speaker_sphere_lab_tests/5SNR/CarolinaWren_5SNR/results.json, original_channel1.mp3, 186.0"
            ],
            "conf_avg": 0.647,
            "conf_median": 0.59,
            "conf_stdev": 0.159,
            "conf_max": 0.868,
            "count": 11
        }
    },