{
    "mono_channel": {
        "Eurasian Blackcap": {
            "conf_list": [
                0.6383348107337952,
                0.9482512474060059,
                0.8388081789016724,
                0.7511062026023865,
                0.9035008549690247,
                0.7059304714202881,
                0.7920575141906738,
                0.8462359309196472,
                0.9004733562469482,
                0.7985911965370178,
                0.6672500371932983,
                0.563689649105072,
                0.7521495819091797,
                0.49759772419929504,
                0.8660442233085632,
                0.6528131365776062,
                0.6453206539154053,
                0.7421185374259949,
                0.5266748070716858,
                0.7059690952301025,
                0.40957343578338623
            ],
            "start_time_list": [
                9.0,
                15.0,
                30.0,
                45.0,
                51.0,
                75.0,
                84.0,
                90.0,
                96.0,
                105.0,
                111.0,
                117.0,
                126.0,
                132.0,
                135.0,
                144.0,
                150.0,
                156.0,
                165.0,
                171.0,
                195.0
            ],
            "mp3_identifier": [
                "data/processed/speaker_sphere_lab_tests/0SNR/EurasianBlackcap_0SNR/results.json, original_channel1.mp3, 9.0",
                "data/processed/speaker_sphere_lab_tests/0SNR/EurasianBlackcap_0SNR/results.json, original_channel1.mp3, 15.0",
                "data/processed/speaker_sphere_lab_tests/0SNR/EurasianBlackcap_0SNR/results.json, original_channel1.mp3, 30.0",
                "data/processed/speaker_sphere_lab_tests/0SNR/EurasianBlackcap_0SNR/results.json, original_channel1.mp3, 45.0",
                "data/processed/speaker_sphere_lab_tests/0SNR/EurasianBlackcap_0SNR/results.json, original_channel1.mp3, 51.0",
                "data/processed/speaker_sphere_lab_tests/0SNR/EurasianBlackcap_0SNR/results.json, original_channel1.mp3, 75.0",
                "data/processed/speaker_sphere_lab_tests/0SNR/EurasianBlackcap_0SNR/results.json, original_channel1.mp3, 84.0",
                "data/processed/speaker_sphere_lab_tests/0SNR/EurasianBlackcap_0SNR/results.json, original_channel1.mp3, 90.0",
                "data/processed/speaker_sphere_lab_tests/0SNR/EurasianBlackcap_0SNR/results.json, original_channel1.mp3, 96.0",
                "data/processed/speaker_sphere_lab_tests/0SNR/EurasianBlackcap_0SNR/results.json, original_channel1.mp3, 105.0",
                "data/processed/speaker_sphere_lab_tests/0SNR/EurasianBlackcap_0SNR/results.json, original_channel1.mp3, 111.0",
                "data/processed/speaker_sphere_lab_tests/0SNR/EurasianBlackcap_0SNR/results.json, original_channel1.mp3, 117.0",
                "data/processed/speaker_sphere_lab_tests/0SNR/EurasianBlackcap_0SNR/results.json, original_channel1.mp3, 126.0",
                "data/processed/speaker_sphere_lab_tests/0SNR/EurasianBlackcap_0SNR/results.json, original_channel1.mp3, 132.0",
                "data/processed/speaker_sphere_lab_tests/0SNR/EurasianBlackcap_0SNR/results.json, original_channel1.mp3, 135.0",
                "data/processed/speaker_sphere_lab_tests/0SNR/EurasianBlackcap_0SNR/results.json, original_channel1.mp3, 144.0",
                "data/processed/speaker_sphere_lab_tests/0SNR/EurasianBlackcap_0SNR/results.json, original_channel1.mp3, 150.0",
                "data/processed/speaker_sphere_lab_tests/0SNR/EurasianBlackcap_0SNR/results.json, original_channel1.mp3, 156.0",
                "data/processed/speaker_sphere_lab_tests/0SNR/EurasianBlackcap_0SNR/results.json, original_channel1.mp3, 165.0",
                "data/processed/speaker_sphere_lab_tests/0SNR/EurasianBlackcap_0SNR/results.json, original_channel1.mp3, 171.0",
                "data/processed/speaker_sphere_lab_tests/0SNR/EurasianBlackcap_0SNR/results.json, original_channel1.mp3, 195.0"
            ],
            "conf_avg": 0.722,
            "conf_median": 0.742,
            "conf_stdev": 0.14,
            "conf_max": 0.948,
            "count": 21
        },
        "Carolina Wren": {
            "conf_list": [
                0.46130427718162537,
                0.7734645009040833,
                0.47552284598350525,
                0.5179311037063599,
                0.7063872814178467,
                0.7478022575378418,
                0.618462085723877,
                0.778724730014801
            ],
            "start_time_list": [
                42.0,
                66.0,
                72.0,
                87.0,
                108.0,
                123.0,
                147.0,
                183.0
            ],
            "mp3_identifier": [
                "data/processed/speaker_sphere_lab_tests/0SNR/CarolinaWren_0SNR/results.json, original_channel1.mp3, 42.0",
                "data/processed/speaker_sphere_lab_tests/0SNR/CarolinaWren_0SNR/results.json, original_channel1.mp3, 66.0",
                "data/processed/speaker_sphere_lab_tests/0SNR/CarolinaWren_0SNR/results.json, original_channel1.mp3, 72.0",
                "data/processed/speaker_sphere_lab_tests/0SNR/CarolinaWren_0SNR/results.json, original_channel1.mp3, 87.0",
                "data/processed/speaker_sphere_lab_tests/0SNR/CarolinaWren_0SNR/results.json, original_channel1.mp3, 108.0",
                "data/processed/speaker_sphere_lab_tests/0SNR/CarolinaWren_0SNR/results.json, original_channel1.mp3, 123.0",
                "data/processed/speaker_sphere_lab_tests/0SNR/CarolinaWren_0SNR/results.json, original_channel1.mp3, 147.0",
                "data/processed/speaker_sphere_lab_tests/0SNR/CarolinaWren_0SNR/results.json, original_channel1.mp3, 183.0"
            ],
            "conf_avg": 0.635,
            "conf_median": 0.662,
            "conf_stdev": 0.126,
            "conf_max": 0.779,
            "count": 8
        }
    },
    "beamformed": {
        "Eurasian Blackcap": {
            "conf_list": [
                0.45091113448143005,
                0.931493878364563,
                0.7276721000671387,
                0.8066520690917969,
                0.7412942051887512,
                0.8810379505157471,
                0.7424811124801636,
                0.954016387462616,
                0.9420661330223083,
                0.978935718536377,
                0.9528382420539856,
                0.834778904914856,
                0.8247073292732239,
                0.7709589004516602,
                0.904490053653717,
                0.5861781239509583,
                0.9237933158874512,
                0.9292861819267273,
                0.8718063831329346,
                0.945327877998352,
                0.7385145425796509
            ],
            "start_time_list": [
                9.0,
                15.0,
                30.0,
                45.0,
                51.0,
                75.0,
                84.0,
                90.0,
                96.0,
                105.0,
                111.0,
                117.0,
                126.0,
                132.0,
                135.0,
                144.0,
                150.0,
                156.0,
                165.0,
                171.0,
                195.0
            ],