{
    "mono_channel": {
        "Eurasian Blackcap": {
            "count": 5,
            "conf_sum": 3.091186076402664,
            "max_conf": 0.8052422404289246,
            "conf_avg": 0.62,
            "conf_list": [
                0.5206992626190186,
                0.7958666682243347,
                0.8052422404289246,
                0.44182220101356506,
                0.5275557041168213
            ],
            "start_time_list": [
                90.0,
                129.0,
                135.0,
                141.0,
                150.0
            ]
        }
    },
    "beamformed": {
        "Eurasian Blackcap": {
            "count": 5,
            "conf_sum": 3.8048887848854065,
            "max_conf": 0.8928500413894653,
            "conf_avg": 0.76,
            "conf_list": [
                0.7480261921882629,
                0.8928500413894653,
                0.7491024732589722,
                0.6316953301429749,
                0.7832147479057312
            ],
            "start_time_list": [
                90.0,
                129.0,
                135.0,
                141.0,
                150.0
            ],
            "max_conf_chan_list": [
                "sep_chan2.mp3",
                "sep_chan2.mp3",
                "sep_chan2.mp3",
                "sep_chan4.mp3",
                "sep_chan1.mp3"
            ]
        }
    }
}